<?xml version="1.0" encoding="utf-8" ?>
<odoo>

    <record id="installed_modules" model="tile.tile">
        <field name="name">Installed Modules</field>
        <field name="category_id" ref="category_module" />
        <field name="model_id" ref="base.model_ir_module_module" />
        <field name="action_id" ref="base.open_module_tree" />
        <field
            name="domain"
        >[['state', 'in', ['installed', 'to upgrade', 'to remove']]]</field>
    </record>

    <record id="installed_OCA_modules" model="tile.tile">
        <field name="name">Installed OCA Modules</field>
        <field name="category_id" ref="category_module" />
        <field name="model_id" ref="base.model_ir_module_module" />
        <field name="action_id" ref="base.open_module_tree" />
        <field
            name="domain"
        >[['state', 'in', ['installed', 'to upgrade', 'to remove']], ['author', 'ilike', 'Odoo Community Association (OCA)']]</field>
    </record>

    <record id="all_currency_with_rate" model="tile.tile">
        <field name="name">Currencies (Max Rate)</field>
        <field name="category_id" ref="category_currency" />
        <field name="model_id" ref="base.model_res_currency" />
        <field name="secondary_function">max</field>
        <field name="secondary_field_id" ref="base.field_res_currency__rate" />
        <field name="domain">[]</field>
    </record>

</odoo>
